vendor,year_1_cost,year_2_cost,year_3_cost,year_4_cost,total_npv,rank
autolantic,544530000.0,621912500.0,696542000.0,820924500.0,2093029338.8429747,3
vendocrat,415010000.0,503762500.0,564214000.0,664966500.0,1671697858.7528172,1
solimoto,453500000.0,523750000.0,586600000.0,691350000.0,1758046581.5176556,2
